domain,size,distribution,strategy,covariate,antithetic,samples,repeats,mean_l2_error,std_l2_error,ci95_low,ci95_high
sorting,n=3,Gaussian,MC,none,False,1000,64,0.08829371975445977,0.02308053343256879,0.08252837404179632,0.09405906546712321
sorting,n=3,Gaussian,MC,f(x),False,1000,64,0.09055174598394869,0.027950898257014658,0.0835698193355906,0.09753367263230678
sorting,n=3,Gaussian,MC,LOO,False,1000,64,0.07168653785154219,0.017329492991564683,0.0673577592982456,0.07601531640483879
sorting,n=3,Gaussian,MC,none,True,1000,64,0.07993475033853012,0.021760605391115136,0.07449911284067252,0.08537038783638771
sorting,n=3,Gaussian,MC,f(x),True,1000,64,0.07993475033853012,0.021760605391115143,0.07449911284067252,0.08537038783638771
sorting,n=3,Gaussian,MC,LOO,True,1000,64,0.08004633371465984,0.02181624308168648,0.07459679833520713,0.08549586909411255
sorting,n=3,Gaussian,QMC-latin,none,False,1000,64,0.05621276285571985,0.01445878931599302,0.052601064744980525,0.05982446096645917
sorting,n=3,Gaussian,QMC-latin,f(x),False,1000,64,0.056212762855719856,0.014458789315993016,0.05260106474498053,0.05982446096645918
sorting,n=3,Gaussian,QMC-latin,LOO,False,1000,64,0.05626165028053297,0.014471974918793106,0.05264665850421202,0.05987664205685392
sorting,n=3,Gaussian,QMC-latin,none,True,1000,64,0.0651537862270556,0.018638324742990073,0.06049807122973253,0.06980950122437866
sorting,n=3,Gaussian,QMC-latin,f(x),True,1000,64,0.0651537862270556,0.01863832474299008,0.06049807122973253,0.06980950122437866
sorting,n=3,Gaussian,QMC-latin,LOO,True,1000,64,0.0652212341150228,0.01863010656789568,0.06056757195675932,0.06987489627328629
sorting,n=3,Gaussian,RQMC-latin,none,False,1000,64,0.05692703755814168,0.012968278084268148,0.05368765807533215,0.06016641704095121
sorting,n=3,Gaussian,RQMC-latin,f(x),False,1000,64,0.05693020424850216,0.013010755582086923,0.05368021420243812,0.060180194294566204
sorting,n=3,Gaussian,RQMC-latin,LOO,False,1000,64,0.05697492308587644,0.01299243732114215,0.0537295088052517,0.06022033736650118
sorting,n=3,Gaussian,RQMC-latin,none,True,1000,64,0.06198061530896954,0.019823890088984587,0.057028754899557915,0.06693247571838117
sorting,n=3,Gaussian,RQMC-latin,f(x),True,1000,64,0.06198061530896953,0.019823890088984587,0.05702875489955791,0.06693247571838115
sorting,n=3,Gaussian,RQMC-latin,LOO,True,1000,64,0.06206004570239746,0.019873108079107405,0.05709589100485036,0.06702420039994456
sorting,n=3,Gaussian,RQMC-cartesian,none,False,1000,64,0.03442019977103641,0.008239453005997344,0.032362045647276544,0.03647835389479627
sorting,n=3,Gaussian,RQMC-cartesian,f(x),False,1000,64,0.03640170159945903,0.0109236520766199,0.03367305449732148,0.03913034870159659
sorting,n=3,Gaussian,RQMC-cartesian,LOO,False,1000,64,0.0324962257400982,0.008765906206127393,0.030306567519643383,0.03468588396055302
sorting,n=3,Gaussian,RQMC-cartesian,none,True,1000,64,0.03441425417253266,0.008705680418906382,0.03223963990611646,0.03658886843894886
sorting,n=3,Gaussian,RQMC-cartesian,f(x),True,1000,64,0.03441425417253266,0.008705680418906393,0.03223963990611646,0.03658886843894886
sorting,n=3,Gaussian,RQMC-cartesian,LOO,True,1000,64,0.03446335356231625,0.00875169126568558,0.03227724612833573,0.03664946099629677
sorting,n=3,Logistic,MC,none,False,1000,64,0.050757190900737305,0.010377018812059127,0.048165088725407534,0.053349293076067075
sorting,n=3,Logistic,MC,f(x),False,1000,64,0.05536997944828273,0.01406470947393893,0.05185671955321426,0.0588832393433512
sorting,n=3,Logistic,MC,LOO,False,1000,64,0.03973013683880748,0.00992397837266802,0.037251200798157295,0.04220907287945767
sorting,n=3,Logistic,MC,none,True,1000,64,0.04246586309001331,0.011194577322128129,0.03966954087511432,0.0452621853049123
sorting,n=3,Logistic,MC,f(x),True,1000,64,0.04246586309001331,0.01119457732212813,0.03966954087511432,0.0452621853049123
sorting,n=3,Logistic,MC,LOO,True,1000,64,0.04246929142533376,0.011209278082126019,0.039669297069846066,0.045269285780821455
sorting,n=3,Logistic,QMC-latin,none,False,1000,64,0.032531846439287415,0.008533177817553578,0.03040032204061792,0.03466337083795691
sorting,n=3,Logistic,QMC-latin,f(x),False,1000,64,0.032531846439287415,0.00853317781755358,0.03040032204061792,0.03466337083795691
sorting,n=3,Logistic,QMC-latin,LOO,False,1000,64,0.03255551555856601,0.00855120830040192,0.030419487279286884,0.034691543837845146
sorting,n=3,Logistic,QMC-latin,none,True,1000,64,0.03684199200762277,0.010720152928081067,0.03416417748034691,0.03951980653489862
sorting,n=3,Logistic,QMC-latin,f(x),True,1000,64,0.03684199200762277,0.010720152928081067,0.03416417748034691,0.03951980653489862
sorting,n=3,Logistic,QMC-latin,LOO,True,1000,64,0.0368871929709408,0.010730295774983033,0.03420684483589235,0.03956754110598925
sorting,n=3,Logistic,RQMC-latin,none,False,1000,64,0.034409641396193666,0.008870801956329773,0.0321937809969429,0.03662550179544443
sorting,n=3,Logistic,RQMC-latin,f(x),False,1000,64,0.034407921622023926,0.008869769112055883,0.03219231921959649,0.03662352402445136
sorting,n=3,Logistic,RQMC-latin,LOO,False,1000,64,0.034441313478429776,0.008855548996386015,0.032229263155210144,0.03665336380164941
sorting,n=3,Logistic,RQMC-latin,none,True,1000,64,0.03603733349272807,0.010986399340650547,0.03329301259038493,0.03878165439507121
sorting,n=3,Logistic,RQMC-latin,f(x),True,1000,64,0.03603733349272807,0.010986399340650545,0.03329301259038493,0.03878165439507121
sorting,n=3,Logistic,RQMC-latin,LOO,True,1000,64,0.03608374719378882,0.01098589379145574,0.033339552573877204,0.03882794181370043
sorting,n=3,Logistic,RQMC-cartesian,none,False,1000,64,0.016255290526876923,0.0037035521289859982,0.015330170730540457,0.017180410323213387
sorting,n=3,Logistic,RQMC-cartesian,f(x),False,1000,64,0.016562093790641618,0.004001147159335966,0.015562636967505023,0.01756155061377821
sorting,n=3,Logistic,RQMC-cartesian,LOO,False,1000,64,0.01597415896581181,0.0037536187624150996,0.015036532896549234,0.01691178503507439
sorting,n=3,Logistic,RQMC-cartesian,none,True,1000,64,0.015881297823656472,0.003599154459263177,0.014982255789313982,0.016780339857998962
sorting,n=3,Logistic,RQMC-cartesian,f(x),True,1000,64,0.01588129782365647,0.0035991544592631746,0.014982255789313979,0.01678033985799896
sorting,n=3,Logistic,RQMC-cartesian,LOO,True,1000,64,0.015900638527047557,0.0036054713405619674,0.015000018582704859,0.016801258471390256
sorting,n=3,Gumbel,MC,none,False,1000,64,0.0867158681913523,0.021470205176273426,0.08135277050885406,0.09207896587385053
sorting,n=3,Gumbel,MC,f(x),False,1000,64,0.09232196661762043,0.028955802650663557,0.08508902232036411,0.09955491091487675
sorting,n=3,Gumbel,MC,LOO,False,1000,64,0.0705967587944873,0.016711129909942096,0.06642244274319127,0.07477107484578334
sorting,n=3,Gumbel,QMC-latin,none,False,1000,64,0.056245387487862515,0.014568772989119183,0.05260621627299527,0.05988455870272976
sorting,n=3,Gumbel,QMC-latin,f(x),False,1000,64,0.05629356641511128,0.014630877843305724,0.052638881869243,0.05994825096097956
sorting,n=3,Gumbel,QMC-latin,LOO,False,1000,64,0.05631893981077997,0.01458402091852188,0.052675959776473366,0.05996191984508657
sorting,n=3,Gumbel,RQMC-latin,none,False,1000,64,0.058652936450667055,0.018586210343476926,0.05401023924301852,0.06329563365831559
sorting,n=3,Gumbel,RQMC-latin,f(x),False,1000,64,0.058595589954171745,0.018603189289166124,0.05394865153208071,0.06324252837626278
sorting,n=3,Gumbel,RQMC-latin,LOO,False,1000,64,0.0586528420280053,0.01861099857814656,0.054003952903567035,0.06330173115244357
sorting,n=3,Gumbel,RQMC-cartesian,none,False,1000,64,0.04149994360709525,0.008129019307370573,0.039469375000488686,0.04353051221370181
sorting,n=3,Gumbel,RQMC-cartesian,f(x),False,1000,64,0.04425160477923523,0.012358960051517941,0.041164428412442416,0.04733878114602805
sorting,n=3,Gumbel,RQMC-cartesian,LOO,False,1000,64,0.0378043647220381,0.00876775131102605,0.03561424560809276,0.039994483835983446
sorting,n=3,Cauchy,MC,none,False,1000,64,0.06812128341920298,0.015179145577363485,0.06432964566819425,0.07191292117021171
sorting,n=3,Cauchy,MC,f(x),False,1000,64,0.07251149260746127,0.021534033363679744,0.06713245111813183,0.07789053409679071
sorting,n=3,Cauchy,MC,LOO,False,1000,64,0.052920987903504996,0.012757666138012595,0.04973421771956317,0.05610775808744682
sorting,n=3,Cauchy,MC,none,True,1000,64,0.05619240589198733,0.015871750800756593,0.05222776050374509,0.06015705128022957
sorting,n=3,Cauchy,MC,f(x),True,1000,64,0.05619240589198733,0.015871750800756593,0.05222776050374509,0.06015705128022957
sorting,n=3,Cauchy,MC,LOO,True,1000,64,0.056283785604204495,0.015856146968666548,0.05232303793724778,0.06024453327116121
sorting,n=3,Cauchy,QMC-latin,none,False,1000,64,0.04684577735402583,0.011559908230912559,0.04395819819331936,0.0497333565147323
sorting,n=3,Cauchy,QMC-latin,f(x),False,1000,64,0.04684577735402583,0.011559908230912555,0.04395819819331936,0.0497333565147323
sorting,n=3,Cauchy,QMC-latin,LOO,False,1000,64,0.04688603806314738,0.011586759496540897,0.04399175165585052,0.04978032447044424
sorting,n=3,Cauchy,QMC-latin,none,True,1000,64,0.04884177830827861,0.015126169777250485,0.045063373518412164,0.05262018309814506
sorting,n=3,Cauchy,QMC-latin,f(x),True,1000,64,0.04884177830827861,0.015126169777250486,0.045063373518412164,0.05262018309814506
sorting,n=3,Cauchy,QMC-latin,LOO,True,1000,64,0.04888236399845991,0.015145423815240021,0.04509914969300325,0.05266557830391657
sorting,n=3,Cauchy,RQMC-latin,none,False,1000,64,0.04711239009604251,0.00983701107821937,0.044655177839188584,0.04956960235289644
sorting,n=3,Cauchy,RQMC-latin,f(x),False,1000,64,0.04711124115920369,0.009841017598200403,0.044653028103435695,0.049569454214971685
sorting,n=3,Cauchy,RQMC-latin,LOO,False,1000,64,0.04718668010390015,0.00986265934833814,0.04472306109979324,0.04965029910800706
sorting,n=3,Cauchy,RQMC-latin,none,True,1000,64,0.05255633099656894,0.014241187387403166,0.04899898823033359,0.05611367376280428
sorting,n=3,Cauchy,RQMC-latin,f(x),True,1000,64,0.05255633099656894,0.014241187387403166,0.04899898823033359,0.05611367376280428
sorting,n=3,Cauchy,RQMC-latin,LOO,True,1000,64,0.052642733862210946,0.014246209548524742,0.04908413659745306,0.05620133112696883
sorting,n=3,Cauchy,RQMC-cartesian,none,False,1000,64,0.024119257899928845,0.005355620179800687,0.022781463782974104,0.025457052016883586
sorting,n=3,Cauchy,RQMC-cartesian,f(x),False,1000,64,0.024779580436910496,0.006035303806973788,0.02327200640142231,0.026287154472398683
sorting,n=3,Cauchy,RQMC-cartesian,LOO,False,1000,64,0.022869829325347868,0.005663802726421702,0.021455053498716868,0.024284605151978868
sorting,n=3,Cauchy,RQMC-cartesian,none,True,1000,64,0.02262307829528548,0.00545403289865102,0.02126070141258345,0.023985455177987513
sorting,n=3,Cauchy,RQMC-cartesian,f(x),True,1000,64,0.02262307829528549,0.005454032898651016,0.021260701412583457,0.02398545517798752
sorting,n=3,Cauchy,RQMC-cartesian,LOO,True,1000,64,0.022660443829159927,0.005476574184509642,0.02129243630078142,0.024028451357538436
sorting,n=3,Laplace,MC,none,False,1000,64,0.08796312882788344,0.017804962269618193,0.08351558158270468,0.0924106760730622
sorting,n=3,Laplace,MC,f(x),False,1000,64,0.08693668645295541,0.027131027788088295,0.0801595573543062,0.09371381555160462
sorting,n=3,Laplace,MC,LOO,False,1000,64,0.07114673583973002,0.01513398342764177,0.06736637925806833,0.07492709242139171
sorting,n=3,Laplace,MC,none,True,1000,64,0.07369348801929845,0.018136246035408313,0.06916318855158751,0.0782237874870094
sorting,n=3,Laplace,MC,f(x),True,1000,64,0.07369348801929845,0.018136246035408313,0.06916318855158751,0.0782237874870094
sorting,n=3,Laplace,MC,LOO,True,1000,64,0.07377540656249354,0.018105880811606995,0.06925269210200821,0.07829812102297887
sorting,n=3,Laplace,QMC-latin,none,False,1000,64,0.06552042346517342,0.013319879805102975,0.062193216485668355,0.0688476304446785
sorting,n=3,Laplace,QMC-latin,f(x),False,1000,64,0.06552042346517342,0.013319879805102975,0.062193216485668355,0.0688476304446785
sorting,n=3,Laplace,QMC-latin,LOO,False,1000,64,0.0655748629453378,0.013361106850659228,0.06223735775625981,0.0689123681344158
sorting,n=3,Laplace,QMC-latin,none,True,1000,64,0.07283138700103403,0.01941676470502738,0.06798122348670378,0.07768155051536428
sorting,n=3,Laplace,QMC-latin,f(x),True,1000,64,0.07283138700103403,0.01941676470502738,0.06798122348670378,0.07768155051536428
sorting,n=3,Laplace,QMC-latin,LOO,True,1000,64,0.0729101938422546,0.01939434751427326,0.06806562997556602,0.07775475770894318
sorting,n=3,Laplace,RQMC-latin,none,False,1000,64,0.0630550962324448,0.014889381112158807,0.059335839491261116,0.06677435297362849
sorting,n=3,Laplace,RQMC-latin,f(x),False,1000,64,0.0630550962324448,0.014889381112158807,0.059335839491261116,0.06677435297362849
sorting,n=3,Laplace,RQMC-latin,LOO,False,1000,64,0.06312552074910042,0.0149152587768381,0.05939979995960744,0.06685124153859341
sorting,n=3,Laplace,RQMC-latin,none,True,1000,64,0.06964151133354977,0.017475899459234216,0.06527616153274927,0.07400686113435027
sorting,n=3,Laplace,RQMC-latin,f(x),True,1000,64,0.06964151133354977,0.017475899459234216,0.06527616153274927,0.07400686113435027
sorting,n=3,Laplace,RQMC-latin,LOO,True,1000,64,0.06967884113449184,0.017470840476046526,0.06531475503009232,0.07404292723889136
sorting,n=3,Laplace,RQMC-cartesian,none,False,1000,64,0.028941844799594767,0.0062303001393158655,0.02738556212953633,0.030498127469653205
sorting,n=3,Laplace,RQMC-cartesian,f(x),False,1000,64,0.028941844799594767,0.0062303001393158655,0.02738556212953633,0.030498127469653205
sorting,n=3,Laplace,RQMC-cartesian,LOO,False,1000,64,0.028986913147536198,0.006243887279479407,0.027427236510847046,0.03054658978422535
sorting,n=3,Laplace,RQMC-cartesian,none,True,1000,64,0.02946466618615244,0.005499625357609801,0.02809090064605409,0.03083843172625079
sorting,n=3,Laplace,RQMC-cartesian,f(x),True,1000,64,0.02946466618615244,0.005499625357609801,0.02809090064605409,0.03083843172625079
sorting,n=3,Laplace,RQMC-cartesian,LOO,True,1000,64,0.02951021281395473,0.005542216052588311,0.02812580843479267,0.030894617193116793
sorting,n=3,Triangular,MC,none,False,1000,64,0.3276668672549184,0.14318693488236434,0.29189983511308015,0.36343389939675663
sorting,n=3,Triangular,MC,f(x),False,1000,64,0.29538332191334626,0.15144735205030246,0.2575528989559049,0.33321374487078764
sorting,n=3,Triangular,MC,LOO,False,1000,64,0.24787956500260266,0.11301338243662788,0.2196496620062883,0.27610946799891706
sorting,n=3,Triangular,MC,none,True,1000,64,0.26805903494865746,0.1669386916125172,0.22635899050307492,0.30975907939423997
sorting,n=3,Triangular,MC,f(x),True,1000,64,0.26805903494865746,0.16693869161251723,0.22635899050307492,0.30975907939424
sorting,n=3,Triangular,MC,LOO,True,1000,64,0.2681333489752855,0.16751018208226626,0.2262905504577825,0.3099761474927885
sorting,n=3,Triangular,QMC-latin,none,False,1000,64,0.15175487623087425,0.0367068056716844,0.14258578898585458,0.1609239634758939
sorting,n=3,Triangular,QMC-latin,f(x),False,1000,64,0.1517548762308745,0.03670680567168392,0.14258578898585497,0.16092396347589402
sorting,n=3,Triangular,QMC-latin,LOO,False,1000,64,0.15148197092660992,0.03668198425979687,0.14231908388580244,0.1606448579674174
sorting,n=3,Triangular,QMC-latin,none,True,1000,64,0.16295085726257563,0.04562670380087142,0.15155364575921731,0.17434806876593395
sorting,n=3,Triangular,QMC-latin,f(x),True,1000,64,0.16295085726257563,0.045626703800871436,0.15155364575921731,0.17434806876593395
sorting,n=3,Triangular,QMC-latin,LOO,True,1000,64,0.162587320092699,0.04558728000638471,0.15119995636019853,0.17397468382519946
sorting,n=3,Triangular,RQMC-latin,none,False,1000,64,0.21159173143749102,0.10417703598350625,0.1855690821118057,0.23761438076317634
sorting,n=3,Triangular,RQMC-latin,f(x),False,1000,64,0.20578442635951966,0.11281350839066526,0.17760445041438588,0.23396440230465343
sorting,n=3,Triangular,RQMC-latin,LOO,False,1000,64,0.1940315264185772,0.08646170909568872,0.17243403408588356,0.21562901875127086
sorting,n=3,Triangular,RQMC-latin,none,True,1000,64,0.2235686308321116,0.12217838193079573,0.193049379078125,0.25408788258609816
sorting,n=3,Triangular,RQMC-latin,f(x),True,1000,64,0.22356863083210415,0.12217838193074775,0.19304937907812955,0.25408788258607873
sorting,n=3,Triangular,RQMC-latin,LOO,True,1000,64,0.2236653660619981,0.12254777757843739,0.1930538420206474,0.2542768901033488
sorting,n=3,Triangular,RQMC-cartesian,none,False,1000,64,0.26039468008636996,0.15679782617225924,0.2212277484589768,0.2995616117137631
sorting,n=3,Triangular,RQMC-cartesian,f(x),False,1000,64,0.2705294026821127,0.1851873373201575,0.2242709821660708,0.3167878231981546
sorting,n=3,Triangular,RQMC-cartesian,LOO,False,1000,64,0.22288114976962276,0.14107260394340168,0.1876422617822389,0.25812003775700665
sorting,n=3,Triangular,RQMC-cartesian,none,True,1000,64,0.22764600468204593,0.17488878825927004,0.18396008518069284,0.271331924183399
sorting,n=3,Triangular,RQMC-cartesian,f(x),True,1000,64,0.22764600468205243,0.17488878825927875,0.18396008518069717,0.2713319241834077
sorting,n=3,Triangular,RQMC-cartesian,LOO,True,1000,64,0.22768712902768234,0.17548096684456746,0.1838532877169027,0.271520970338462
sorting,n=5,Gaussian,MC,none,False,1024,64,0.15389694132881457,0.019081296544084643,0.14913057526782642,0.15866330738980272
sorting,n=5,Gaussian,MC,f(x),False,1024,64,0.18635870864947301,0.0327720463379889,0.17817249504215157,0.19454492225679446
sorting,n=5,Gaussian,MC,LOO,False,1024,64,0.133450097381595,0.011992663221731885,0.13045441924049697,0.13644577552269302
sorting,n=5,Gaussian,MC,none,True,1024,64,0.1411857679672738,0.01640082884043164,0.13708896281692656,0.14528257311762105
sorting,n=5,Gaussian,MC,f(x),True,1024,64,0.1411857679672738,0.01640082884043164,0.13708896281692656,0.14528257311762105
sorting,n=5,Gaussian,MC,LOO,True,1024,64,0.14134216901610697,0.016435516289790314,0.13723669919871345,0.14544763883350048
sorting,n=5,Gaussian,QMC-latin,none,False,1024,64,0.12446782302742264,0.013654434936047115,0.12105704666268333,0.12787859939216195
sorting,n=5,Gaussian,QMC-latin,f(x),False,1024,64,0.12446782302742265,0.013654434936047113,0.12105704666268334,0.12787859939216198
sorting,n=5,Gaussian,QMC-latin,LOO,False,1024,64,0.12459718093558161,0.013672605803388577,0.12118186562322965,0.1280124962479336
sorting,n=5,Gaussian,QMC-latin,none,True,1024,64,0.1299850448971828,0.014901175797035444,0.1262628419313772,0.13370724786298838
sorting,n=5,Gaussian,QMC-latin,f(x),True,1024,64,0.12998504489718282,0.014901175797035442,0.12626284193137724,0.1337072478629884
sorting,n=5,Gaussian,QMC-latin,LOO,True,1024,64,0.13010408067871443,0.014909584106440785,0.12637977737971148,0.13382838397771737
sorting,n=5,Gaussian,RQMC-latin,none,False,1024,64,0.12073799149401357,0.01363025936767907,0.1173332540065753,0.12414272898145184
sorting,n=5,Gaussian,RQMC-latin,f(x),False,1024,64,0.12073894780177499,0.013681720744014206,0.11732135564499867,0.12415653995855132
sorting,n=5,Gaussian,RQMC-latin,LOO,False,1024,64,0.1208487650217396,0.013642325890956913,0.11744101340646715,0.12425651663701204
sorting,n=5,Gaussian,RQMC-latin,none,True,1024,64,0.12705986638569255,0.01669208213318623,0.12289030832746353,0.13122942444392158
sorting,n=5,Gaussian,RQMC-latin,f(x),True,1024,64,0.12705986638569255,0.01669208213318621,0.12289030832746355,0.13122942444392158
sorting,n=5,Gaussian,RQMC-latin,LOO,True,1024,64,0.1271885439738137,0.01670683525282938,0.12301530069594575,0.13136178725168168
sorting,n=5,Gaussian,RQMC-cartesian,none,False,1024,64,0.10485878451008862,0.009461785254654487,0.1024953008752135,0.10722226814496374
sorting,n=5,Gaussian,RQMC-cartesian,f(x),False,1024,64,0.1131417403341615,0.012413085594359248,0.11004104380903797,0.11624243685928502
sorting,n=5,Gaussian,RQMC-cartesian,LOO,False,1024,64,0.10150918841623602,0.009069412478745006,0.09924371658459606,0.10377466024787597
sorting,n=5,Logistic,MC,none,False,1024,64,0.0886445826470672,0.009260183246930766,0.08633145769537806,0.09095770759875635
sorting,n=5,Logistic,MC,f(x),False,1024,64,0.10655161196234662,0.019394874914769555,0.10170691635493381,0.11139630756975943
sorting,n=5,Logistic,MC,LOO,False,1024,64,0.07908132893619439,0.0072672597718853775,0.07726602145679581,0.08089663641559297
sorting,n=5,Logistic,MC,none,True,1024,64,0.08040478584349486,0.008735774275316103,0.07822265435541062,0.08258691733157911
sorting,n=5,Logistic,MC,f(x),True,1024,64,0.08040478584349488,0.008735774275316101,0.07822265435541063,0.08258691733157912
sorting,n=5,Logistic,MC,LOO,True,1024,64,0.08049398987506523,0.00873758306081621,0.07831140656580629,0.08267657318432417
sorting,n=5,Logistic,QMC-latin,none,False,1024,64,0.07348760341144331,0.007682538322486156,0.07156856243653163,0.07540664438635498
sorting,n=5,Logistic,QMC-latin,f(x),False,1024,64,0.07348760341144331,0.007682538322486156,0.07156856243653163,0.07540664438635498
sorting,n=5,Logistic,QMC-latin,LOO,False,1024,64,0.07356045606539785,0.007684334133367694,0.07164096651027477,0.07547994562052093
sorting,n=5,Logistic,QMC-latin,none,True,1024,64,0.07707429220797245,0.00840263521737296,0.07497537638061133,0.07917320803533356
sorting,n=5,Logistic,QMC-latin,f(x),True,1024,64,0.07707429220797245,0.00840263521737296,0.07497537638061133,0.07917320803533356
sorting,n=5,Logistic,QMC-latin,LOO,True,1024,64,0.0771476220988663,0.00841294805703333,0.07504613020080496,0.07924911399692765
sorting,n=5,Logistic,RQMC-latin,none,False,1024,64,0.07230362734474749,0.006748096218811433,0.07061800306238726,0.07398925162710772
sorting,n=5,Logistic,RQMC-latin,f(x),False,1024,64,0.07230354575754122,0.0067488133560889285,0.07061774233961897,0.07398934917546347
sorting,n=5,Logistic,RQMC-latin,LOO,False,1024,64,0.07237653850937972,0.006758911093406682,0.07068821275172375,0.0740648642670357
sorting,n=5,Logistic,RQMC-latin,none,True,1024,64,0.0749607362752516,0.009619571388455182,0.07255783883684878,0.07736363371365441
sorting,n=5,Logistic,RQMC-latin,f(x),True,1024,64,0.0749607362752516,0.00961957138845518,0.07255783883684878,0.07736363371365441
sorting,n=5,Logistic,RQMC-latin,LOO,True,1024,64,0.07503413681750395,0.009634442106403627,0.07262752478427954,0.07744074885072837
sorting,n=5,Logistic,RQMC-cartesian,none,False,1024,64,0.05752187863694678,0.005045434950072136,0.05626156648502425,0.05878219078886931
sorting,n=5,Logistic,RQMC-cartesian,f(x),False,1024,64,0.05951480512351244,0.0060400532401249565,0.05800604471492176,0.06102356553210312
sorting,n=5,Logistic,RQMC-cartesian,LOO,False,1024,64,0.0567563077447842,0.00515645763506372,0.05546826295129189,0.05804435253827651
sorting,n=5,Gumbel,MC,none,False,1024,64,0.14740882488314055,0.017897887010672856,0.1429380657282802,0.15187958403800092
sorting,n=5,Gumbel,MC,f(x),False,1024,64,0.1772254760305897,0.032586070464254914,0.1690857178143199,0.18536523424685947
sorting,n=5,Gumbel,MC,LOO,False,1024,64,0.13000620817533826,0.0141058036103924,0.12648268327040293,0.13352973308027358
sorting,n=5,Gumbel,QMC-latin,none,False,1024,64,0.12476461507876997,0.01150867844108602,0.1218898327388129,0.12763939741872704
sorting,n=5,Gumbel,QMC-latin,f(x),False,1024,64,0.12474531059712593,0.011465596752633051,0.12188128974275333,0.12760933145149853
sorting,n=5,Gumbel,QMC-latin,LOO,False,1024,64,0.1248846122026003,0.011505095162366096,0.12201072493903588,0.12775849946616474
sorting,n=5,Gumbel,RQMC-latin,none,False,1024,64,0.1244402068180471,0.012958702986032212,0.12120321912361301,0.1276771945124812
sorting,n=5,Gumbel,RQMC-latin,f(x),False,1024,64,0.12431573951861162,0.012884360484310268,0.12109732202858045,0.1275341570086428
sorting,n=5,Gumbel,RQMC-latin,LOO,False,1024,64,0.12451355337906257,0.012970849295030604,0.12127353162691429,0.12775357513121086
sorting,n=5,Gumbel,RQMC-cartesian,none,False,1024,64,0.11277060869229721,0.011190281067504913,0.10997535964987254,0.11556585773472189
sorting,n=5,Gumbel,RQMC-cartesian,f(x),False,1024,64,0.1249698964121888,0.017670993487208318,0.12055581357317526,0.12938397925120235
sorting,n=5,Gumbel,RQMC-cartesian,LOO,False,1024,64,0.10604360142574334,0.010423751635742691,0.10343982573838441,0.10864737711310228
sorting,n=5,Cauchy,MC,none,False,1024,64,0.10847377261775137,0.009628380237197151,0.10606867479440181,0.11087887044110094
sorting,n=5,Cauchy,MC,f(x),False,1024,64,0.1305995264852867,0.0201176668300716,0.1255742828293546,0.1356247701412188
sorting,n=5,Cauchy,MC,LOO,False,1024,64,0.09631972140694518,0.007499736705341549,0.09444634291738081,0.09819309989650955
sorting,n=5,Cauchy,MC,none,True,1024,64,0.09990626704959592,0.008747680869686806,0.09772116138272989,0.10209137271646195
sorting,n=5,Cauchy,MC,f(x),True,1024,64,0.0999062670495959,0.008747680869686806,0.09772116138272988,0.10209137271646193
sorting,n=5,Cauchy,MC,LOO,True,1024,64,0.1000105247630665,0.008758746590830738,0.0978226549613012,0.1021983945648318
sorting,n=5,Cauchy,QMC-latin,none,False,1024,64,0.09286205425128294,0.00840994168406384,0.09076131332284544,0.09496279517972044
sorting,n=5,Cauchy,QMC-latin,f(x),False,1024,64,0.09286205425128294,0.00840994168406384,0.09076131332284544,0.09496279517972044
sorting,n=5,Cauchy,QMC-latin,LOO,False,1024,64,0.09295380869948325,0.008416726094872666,0.09085137307564871,0.09505624432331779
sorting,n=5,Cauchy,QMC-latin,none,True,1024,64,0.09761971110138959,0.010358358536007266,0.09503227012433095,0.10020715207844823
sorting,n=5,Cauchy,QMC-latin,f(x),True,1024,64,0.09761971110138959,0.010358358536007264,0.09503227012433095,0.10020715207844823
sorting,n=5,Cauchy,QMC-latin,LOO,True,1024,64,0.09771833077281747,0.010370674435889992,0.09512781337550218,0.10030884817013276
sorting,n=5,Cauchy,RQMC-latin,none,False,1024,64,0.09348359445177329,0.008991603665350522,0.09123755868342978,0.0957296302201168
sorting,n=5,Cauchy,RQMC-latin,f(x),False,1024,64,0.0934808799612554,0.008988242134924199,0.09123568387822888,0.09572607604428192
sorting,n=5,Cauchy,RQMC-latin,LOO,False,1024,64,0.09357607380179112,0.009008577430308482,0.09132579811311327,0.09582634949046896
sorting,n=5,Cauchy,RQMC-latin,none,True,1024,64,0.0979571209854492,0.009617661080224596,0.09555470072784462,0.10035954124305378
sorting,n=5,Cauchy,RQMC-latin,f(x),True,1024,64,0.09795712098544919,0.009617661080224596,0.09555470072784461,0.10035954124305377
sorting,n=5,Cauchy,RQMC-latin,LOO,True,1024,64,0.09806026864970366,0.009617523269061087,0.09565788281630348,0.10046265448310383
sorting,n=5,Cauchy,RQMC-cartesian,none,False,1024,64,0.07752542800231971,0.006053827898532834,0.07601322678643455,0.07903762921820487
sorting,n=5,Cauchy,RQMC-cartesian,f(x),False,1024,64,0.08356953185265684,0.00957730064946256,0.08117719333069043,0.08596187037462324
sorting,n=5,Cauchy,RQMC-cartesian,LOO,False,1024,64,0.07447264421504468,0.005954901425675405,0.07298515409683946,0.0759601343332499
sorting,n=5,Laplace,MC,none,False,1024,64,0.154040564751648,0.014110877112396268,0.15051577252361933,0.1575653569796767
sorting,n=5,Laplace,MC,f(x),False,1024,64,0.18252236979055797,0.02917314411184534,0.17523513521162037,0.18980960436949557
sorting,n=5,Laplace,MC,LOO,False,1024,64,0.1342690553472441,0.01162077152041251,0.13136627298916775,0.13717183770532043
sorting,n=5,Laplace,MC,none,True,1024,64,0.14412110007472267,0.013103848265324422,0.14084785616826795,0.1473943439811774
sorting,n=5,Laplace,MC,f(x),True,1024,64,0.14412110007472267,0.013103848265324422,0.14084785616826795,0.1473943439811774
sorting,n=5,Laplace,MC,LOO,True,1024,64,0.14427344003946763,0.013139689633388789,0.1409912432256501,0.14755563685328515
sorting,n=5,Laplace,QMC-latin,none,False,1024,64,0.12778727702418366,0.011924838181924463,0.12480854107394129,0.13076601297442603
sorting,n=5,Laplace,QMC-latin,f(x),False,1024,64,0.12778727702418366,0.011924838181924463,0.12480854107394129,0.13076601297442603
sorting,n=5,Laplace,QMC-latin,LOO,False,1024,64,0.12791517683210313,0.011949500842626262,0.1249302803325149,0.13090007333169135
sorting,n=5,Laplace,QMC-latin,none,True,1024,64,0.13584857729433755,0.016418863543687847,0.13174726720915414,0.13994988737952097
sorting,n=5,Laplace,QMC-latin,f(x),True,1024,64,0.13584857729433755,0.016418863543687847,0.13174726720915414,0.13994988737952097
sorting,n=5,Laplace,QMC-latin,LOO,True,1024,64,0.13597676726079108,0.016447785410275004,0.13186823270828688,0.1400853018132953
sorting,n=5,Laplace,RQMC-latin,none,False,1024,64,0.12525502904809813,0.011982668811150269,0.12226184743648308,0.12824821065971317
sorting,n=5,Laplace,RQMC-latin,f(x),False,1024,64,0.12525502904809813,0.011982668811150269,0.12226184743648308,0.12824821065971317
sorting,n=5,Laplace,RQMC-latin,LOO,False,1024,64,0.12536888027178128,0.012000000420539678,0.12237136935295248,0.12836639119061008
sorting,n=5,Laplace,RQMC-latin,none,True,1024,64,0.13480465043936124,0.014287794719785706,0.13123566550789104,0.13837363537083144
sorting,n=5,Laplace,RQMC-latin,f(x),True,1024,64,0.13480465043936124,0.014287794719785706,0.13123566550789104,0.13837363537083144
sorting,n=5,Laplace,RQMC-latin,LOO,True,1024,64,0.13494365535984235,0.01429014214155974,0.13137408405985948,0.1385132266598252
sorting,n=5,Laplace,RQMC-cartesian,none,False,1024,64,0.0953225407381884,0.0073654369824782484,0.09348270932125491,0.09716237215512188
sorting,n=5,Laplace,RQMC-cartesian,f(x),False,1024,64,0.0953225407381884,0.0073654369824782484,0.09348270932125491,0.09716237215512188
sorting,n=5,Laplace,RQMC-cartesian,LOO,False,1024,64,0.09542132871453794,0.0073777612742494374,0.09357841878111643,0.09726423864795945
sorting,n=5,Triangular,MC,none,False,1024,64,0.6322307169111336,0.8172797709021482,0.42808030431415545,0.8363811295081118
sorting,n=5,Triangular,MC,f(x),False,1024,64,0.6635088759871947,0.9041316123394592,0.4376635188981213,0.889354233076268
sorting,n=5,Triangular,MC,LOO,False,1024,64,0.5286181767324737,0.7057329639270353,0.3523313274813834,0.704905025983564
sorting,n=5,Triangular,MC,none,True,1024,64,0.6217058082429395,1.2102206826179518,0.3194016763088671,0.9240099401770119
sorting,n=5,Triangular,MC,f(x),True,1024,64,0.6217058082429394,1.2102206826179518,0.319401676308867,0.9240099401770119
sorting,n=5,Triangular,MC,LOO,True,1024,64,0.6221465341216375,1.2115448027847355,0.31951164681100835,0.9247814214322665
sorting,n=5,Triangular,QMC-latin,none,False,1024,64,0.3252515168162211,0.034701257953001,0.3165834004857271,0.33391963314671513
sorting,n=5,Triangular,QMC-latin,f(x),False,1024,64,0.3252515168162211,0.034701257953001,0.3165834004857271,0.33391963314671513
sorting,n=5,Triangular,QMC-latin,LOO,False,1024,64,0.32524880308720217,0.03472685677955139,0.31657429236009105,0.3339233138143133
sorting,n=5,Triangular,QMC-latin,none,True,1024,64,0.33000795133946464,0.04168773661187417,0.31959466456478536,0.34042123811414393
sorting,n=5,Triangular,QMC-latin,f(x),True,1024,64,0.3300079513394646,0.04168773661187418,0.3195946645647853,0.3404212381141439
sorting,n=5,Triangular,QMC-latin,LOO,True,1024,64,0.3298975841010453,0.0417356935415204,0.3194723180417651,0.3403228501603255
sorting,n=5,Triangular,RQMC-latin,none,False,1024,64,0.3912669971358446,0.1184333460550542,0.3616832275098192,0.42085076676187005
sorting,n=5,Triangular,RQMC-latin,f(x),False,1024,64,0.3939277400254982,0.13919662551411827,0.35915745750713074,0.42869802254386563
sorting,n=5,Triangular,RQMC-latin,LOO,False,1024,64,0.379305626529573,0.09981670483948102,0.35437215551687784,0.40423909754226817
sorting,n=5,Triangular,RQMC-latin,none,True,1024,64,0.45237259017366294,0.2160258731211859,0.3984109326122245,0.5063342477351014
sorting,n=5,Triangular,RQMC-latin,f(x),True,1024,64,0.4523725901736629,0.21602587312118673,0.39841093261222427,0.5063342477351015
sorting,n=5,Triangular,RQMC-latin,LOO,True,1024,64,0.45282272114453415,0.21633758130730668,0.39878320119487565,0.5068622410941926
sorting,n=5,Triangular,RQMC-cartesian,none,False,1024,64,0.4271517908591877,0.10942705300797122,0.3998177262998883,0.4544858554184871
sorting,n=5,Triangular,RQMC-cartesian,f(x),False,1024,64,0.45557879317343386,0.1463551314600451,0.41902036907311374,0.492137217273754
sorting,n=5,Triangular,RQMC-cartesian,LOO,False,1024,64,0.37753607136813916,0.09678125993727264,0.3533608319320279,0.40171131080425043
shortest_path,8x8,Gaussian,MC,none,False,1024,24,7.380863836276165,0.3612435114723161,7.228324079491429,7.533403593060902
shortest_path,8x8,Gaussian,MC,f(x),False,1024,24,5.407166357556226,0.3093752331448798,5.276528653845504,5.5378040612669475
shortest_path,8x8,Gaussian,MC,LOO,False,1024,24,4.209269291404122,0.2747253925914449,4.093262932154396,4.325275650653849
shortest_path,8x8,Gaussian,MC,none,True,1024,24,5.14464658724268,0.33381635881641925,5.00368830130119,5.2856048731841705
shortest_path,8x8,Gaussian,MC,f(x),True,1024,24,5.14464658724268,0.33381635881641947,5.00368830130119,5.2856048731841705
shortest_path,8x8,Gaussian,MC,LOO,True,1024,24,5.14957993624811,0.3341239207366465,5.008491778297801,5.29066809419842
shortest_path,8x8,Gaussian,QMC-latin,none,False,1024,24,4.147319583462861,0.2931016899526323,4.023553594376033,4.271085572549688
shortest_path,8x8,Gaussian,QMC-latin,f(x),False,1024,24,4.147319583462861,0.29310168995263236,4.023553594376033,4.271085572549688
shortest_path,8x8,Gaussian,QMC-latin,LOO,False,1024,24,4.151326387607199,0.29330822197226897,4.027473187697082,4.275179587517315
shortest_path,8x8,Gaussian,QMC-latin,none,True,1024,24,5.053793641215095,0.35137447431652946,4.905421213336302,5.202166069093888
shortest_path,8x8,Gaussian,QMC-latin,f(x),True,1024,24,5.053793641215095,0.3513744743165294,4.905421213336303,5.202166069093887
shortest_path,8x8,Gaussian,QMC-latin,LOO,True,1024,24,5.058576117805512,0.35166884048452307,4.910079389995384,5.207072845615641
shortest_path,8x8,Gaussian,RQMC-latin,none,False,1024,24,4.190066183443425,0.22709865454093286,4.094170831887832,4.285961534999018
shortest_path,8x8,Gaussian,RQMC-latin,f(x),False,1024,24,4.190389954780475,0.2261322432717129,4.094902682914285,4.285877226646664
shortest_path,8x8,Gaussian,RQMC-latin,LOO,False,1024,24,4.19377753914787,0.22745197112423068,4.097732995083699,4.289822083212042
shortest_path,8x8,Gaussian,RQMC-latin,none,True,1024,24,5.196356314114857,0.42160917878243515,5.018326371576737,5.374386256652977
shortest_path,8x8,Gaussian,RQMC-latin,f(x),True,1024,24,5.196356314114857,0.4216091787824352,5.018326371576737,5.374386256652977
shortest_path,8x8,Gaussian,RQMC-latin,LOO,True,1024,24,5.201857061682756,0.4220708961909042,5.023632152982049,5.380081970383463
shortest_path,8x8,Logistic,MC,none,False,1024,24,4.2123498162849575,0.23299897537283318,4.113962977751559,4.310736654818356
shortest_path,8x8,Logistic,MC,f(x),False,1024,24,3.3901801276858374,0.23132660541715253,3.292499469051017,3.487860786320658
shortest_path,8x8,Logistic,MC,LOO,False,1024,24,2.4781997330545287,0.165058795819641,2.4085015162840966,2.5478979498249608
shortest_path,8x8,Logistic,MC,none,True,1024,24,3.0983007945600343,0.18819317538141134,3.018833786047612,3.1777678030724563
shortest_path,8x8,Logistic,MC,f(x),True,1024,24,3.0983007945600343,0.18819317538141134,3.018833786047612,3.1777678030724563
shortest_path,8x8,Logistic,MC,LOO,True,1024,24,3.101465816620839,0.18842635661064522,3.021900344310828,3.1810312889308503
shortest_path,8x8,Logistic,QMC-latin,none,False,1024,24,2.4762044785993953,0.12316185686867429,2.4241977875578486,2.528211169640942
shortest_path,8x8,Logistic,QMC-latin,f(x),False,1024,24,2.4762044785993953,0.12316185686867429,2.4241977875578486,2.528211169640942
shortest_path,8x8,Logistic,QMC-latin,LOO,False,1024,24,2.478575868825035,0.12325881841130097,2.426528234514862,2.5306235031352076
shortest_path,8x8,Logistic,QMC-latin,none,True,1024,24,3.0483385601450954,0.21377536544000594,2.958069140168854,3.138607980121337
shortest_path,8x8,Logistic,QMC-latin,f(x),True,1024,24,3.0483385601450954,0.21377536544000594,2.958069140168854,3.138607980121337
shortest_path,8x8,Logistic,QMC-latin,LOO,True,1024,24,3.0513651926288485,0.21403189964622832,2.960987447757678,3.141742937500019
shortest_path,8x8,Logistic,RQMC-latin,none,False,1024,24,2.4499663691682585,0.1559052390920385,2.3841333604156896,2.5157993779208274
shortest_path,8x8,Logistic,RQMC-latin,f(x),False,1024,24,2.4499661022932395,0.15588290500074456,2.3841425244003145,2.5157896801861646
shortest_path,8x8,Logistic,RQMC-latin,LOO,False,1024,24,2.452442926531609,0.15610508358220346,2.386525530851783,2.5183603222114344
shortest_path,8x8,Logistic,RQMC-latin,none,True,1024,24,3.048129565607605,0.16528796268554002,2.978334580156554,3.117924551058656
shortest_path,8x8,Logistic,RQMC-latin,f(x),True,1024,24,3.048129565607605,0.16528796268553997,2.978334580156554,3.117924551058656
shortest_path,8x8,Logistic,RQMC-latin,LOO,True,1024,24,3.0510624119246086,0.16550530325998294,2.9811756515978516,3.1209491722513656
shortest_path,8x8,Gumbel,MC,none,False,1024,24,7.225965797312327,0.4224448215116634,7.047582993796425,7.404348600828229
shortest_path,8x8,Gumbel,MC,f(x),False,1024,24,5.613059511284926,0.4953498034596176,5.403891633818738,5.822227388751115
shortest_path,8x8,Gumbel,MC,LOO,False,1024,24,4.261686973258398,0.3044775157311264,4.133117394231908,4.390256552284889
shortest_path,8x8,Gumbel,QMC-latin,none,False,1024,24,4.215325158614764,0.19731832911798713,4.132004935615727,4.298645381613801
shortest_path,8x8,Gumbel,QMC-latin,f(x),False,1024,24,4.215832422615466,0.1982519132588475,4.132117981607629,4.299546863623303
shortest_path,8x8,Gumbel,QMC-latin,LOO,False,1024,24,4.219129770946691,0.19774830009315664,4.135627987128169,4.302631554765213
shortest_path,8x8,Gumbel,RQMC-latin,none,False,1024,24,4.3392500773200915,0.2873109514460644,4.217929302653299,4.460570851986884
shortest_path,8x8,Gumbel,RQMC-latin,f(x),False,1024,24,4.337912416839534,0.28880879417505706,4.21595915865864,4.459865675020428
shortest_path,8x8,Gumbel,RQMC-latin,LOO,False,1024,24,4.340078949929089,0.2877098642226598,4.218589729169874,4.461568170688304
shortest_path,8x8,Cauchy,MC,none,False,1024,24,10.3049009284412,0.620729947531539,10.042789659398462,10.567012197483937
shortest_path,8x8,Cauchy,MC,f(x),False,1024,24,8.266882035889132,0.4311105225625219,8.084840027740656,8.448924044037609
shortest_path,8x8,Cauchy,MC,LOO,False,1024,24,6.374262303078652,0.2677560435718671,6.261198841820536,6.487325764336767
shortest_path,8x8,Cauchy,MC,none,True,1024,24,7.397091940925816,0.3325031083865508,7.256688192006605,7.537495689845027
shortest_path,8x8,Cauchy,MC,f(x),True,1024,24,7.397091940925816,0.3325031083865506,7.256688192006605,7.537495689845027
shortest_path,8x8,Cauchy,MC,LOO,True,1024,24,7.404139992101154,0.33289210552122184,7.2635719840978945,7.544708000104413
shortest_path,8x8,Cauchy,QMC-latin,none,False,1024,24,6.418550697338397,0.31049706543408057,6.2874392853973164,6.549662109279477
shortest_path,8x8,Cauchy,QMC-latin,f(x),False,1024,24,6.418550697338397,0.31049706543408057,6.2874392853973164,6.549662109279477
shortest_path,8x8,Cauchy,QMC-latin,LOO,False,1024,24,6.424897578047684,0.3105804375382056,6.2937509611545925,6.5560441949407755
shortest_path,8x8,Cauchy,QMC-latin,none,True,1024,24,7.454050878156905,0.46051450833107305,7.259592655750749,7.648509100563061
shortest_path,8x8,Cauchy,QMC-latin,f(x),True,1024,24,7.454050878156905,0.46051450833107305,7.259592655750749,7.648509100563061
shortest_path,8x8,Cauchy,QMC-latin,LOO,True,1024,24,7.46146585634308,0.46112119928530276,7.26675145081484,7.656180261871319
shortest_path,8x8,Cauchy,RQMC-latin,none,False,1024,24,6.277971548832639,0.3481196844318715,6.13097349818589,6.424969599479388
shortest_path,8x8,Cauchy,RQMC-latin,f(x),False,1024,24,6.277949899556849,0.3481644592613323,6.130932942157788,6.42496685695591
shortest_path,8x8,Cauchy,RQMC-latin,LOO,False,1024,24,6.284113776119578,0.34848919251393556,6.13695969589395,6.431267856345206
shortest_path,8x8,Cauchy,RQMC-latin,none,True,1024,24,7.245503095969753,0.3868998632688921,7.082129611965716,7.40887657997379
shortest_path,8x8,Cauchy,RQMC-latin,f(x),True,1024,24,7.245503095969753,0.3868998632688919,7.082129611965716,7.40887657997379
shortest_path,8x8,Cauchy,RQMC-latin,LOO,True,1024,24,7.252459988526308,0.38729214557743347,7.088920858230959,7.415999118821657
shortest_path,8x8,Laplace,MC,none,False,1024,24,7.320751519946557,0.2961815548872858,7.195685017955991,7.445818021937124
shortest_path,8x8,Laplace,MC,f(x),False,1024,24,5.703235841143221,0.23758014801267882,5.6029145430608525,5.80355713922559
shortest_path,8x8,Laplace,MC,LOO,False,1024,24,4.292106099103503,0.20495360728876652,4.205561780893987,4.378650417313018
shortest_path,8x8,Laplace,MC,none,True,1024,24,5.268681288175902,0.39490718843820566,5.101926607292106,5.435435969059697
shortest_path,8x8,Laplace,MC,f(x),True,1024,24,5.268681288175902,0.39490718843820566,5.101926607292106,5.435435969059697
shortest_path,8x8,Laplace,MC,LOO,True,1024,24,5.273605145116018,0.39520023091480944,5.106726723246739,5.4404835669852964
shortest_path,8x8,Laplace,QMC-latin,none,False,1024,24,4.188703964246628,0.2808328694788585,4.0701186436885655,4.30728928480469
shortest_path,8x8,Laplace,QMC-latin,f(x),False,1024,24,4.188703964246628,0.2808328694788585,4.0701186436885655,4.30728928480469
shortest_path,8x8,Laplace,QMC-latin,LOO,False,1024,24,4.192967873455378,0.28107686565258516,4.0742795223491814,4.311656224561574
shortest_path,8x8,Laplace,QMC-latin,none,True,1024,24,5.1813213425969025,0.30193032869059605,5.053827346326388,5.308815338867417
shortest_path,8x8,Laplace,QMC-latin,f(x),True,1024,24,5.1813213425969025,0.30193032869059605,5.053827346326388,5.308815338867417
shortest_path,8x8,Laplace,QMC-latin,LOO,True,1024,24,5.186058199620261,0.3021650217665403,5.05846510115528,5.313651298085242
shortest_path,8x8,Laplace,RQMC-latin,none,False,1024,24,4.229913227777092,0.26978683185430996,4.11599223983449,4.343834215719694
shortest_path,8x8,Laplace,RQMC-latin,f(x),False,1024,24,4.229913227777092,0.26978683185430996,4.11599223983449,4.343834215719694
shortest_path,8x8,Laplace,RQMC-latin,LOO,False,1024,24,4.234028584856545,0.27018451203789395,4.119939671299902,4.348117498413187
shortest_path,8x8,Laplace,RQMC-latin,none,True,1024,24,5.1988508915073846,0.398514245153388,5.030573084154686,5.367128698860083
shortest_path,8x8,Laplace,RQMC-latin,f(x),True,1024,24,5.1988508915073846,0.398514245153388,5.030573084154686,5.367128698860083
shortest_path,8x8,Laplace,RQMC-latin,LOO,True,1024,24,5.203963743740965,0.3989547171744613,5.035499941365986,5.372427546115944
shortest_path,8x8,Triangular,MC,none,False,1024,24,13.13072063192571,1.2752073098572325,12.592247810357406,13.669193453494014
shortest_path,8x8,Triangular,MC,f(x),False,1024,24,9.353693520962915,1.1295320668237046,8.876733959664186,9.830653082261644
shortest_path,8x8,Triangular,MC,LOO,False,1024,24,7.349487438421012,0.7609120997699711,7.028182437923116,7.670792438918909
shortest_path,8x8,Triangular,MC,none,True,1024,24,8.704964411154236,1.3420813560622145,8.13825315645327,9.271675665855202
shortest_path,8x8,Triangular,MC,f(x),True,1024,24,8.704964411154236,1.3420813560622147,8.138253156453269,9.271675665855204
shortest_path,8x8,Triangular,MC,LOO,True,1024,24,8.713531119452291,1.3438957257715982,8.146053723615506,9.281008515289077
shortest_path,8x8,Triangular,QMC-latin,none,False,1024,24,5.8217708684993115,0.4397133388730398,5.636096209615264,6.007445527383359
shortest_path,8x8,Triangular,QMC-latin,f(x),False,1024,24,5.8217708684993115,0.43971333887304004,5.636096209615264,6.007445527383359
shortest_path,8x8,Triangular,QMC-latin,LOO,False,1024,24,5.826452048207783,0.4404055507104108,5.640485093899838,6.0124190025157285
shortest_path,8x8,Triangular,QMC-latin,none,True,1024,24,6.789582080766095,0.38895139734486506,6.6253423098972535,6.953821851634937
shortest_path,8x8,Triangular,QMC-latin,f(x),True,1024,24,6.789582080766095,0.3889513973448651,6.6253423098972535,6.953821851634937
shortest_path,8x8,Triangular,QMC-latin,LOO,True,1024,24,6.7953228440538425,0.3890248221864694,6.631052068593569,6.9595936195141155
shortest_path,8x8,Triangular,RQMC-latin,none,False,1024,24,24.57968435524059,69.20949568863965,0.0,53.804291314993286
shortest_path,8x8,Triangular,RQMC-latin,f(x),False,1024,24,22.163972247375213,69.69379062936142,0.0,51.59307902546011
shortest_path,8x8,Triangular,RQMC-latin,LOO,False,1024,24,16.94892904175051,43.91484931476667,0.0,35.492543586993946
shortest_path,8x8,Triangular,RQMC-latin,none,True,1024,24,10.424313654842543,8.336559666124021,6.904093239784778,13.944534069900307
shortest_path,8x8,Triangular,RQMC-latin,f(x),True,1024,24,10.424313655179605,8.336559667735639,6.9040932394413135,13.944534070917896
shortest_path,8x8,Triangular,RQMC-latin,LOO,True,1024,24,10.434313077359976,8.34470406811115,6.910653582958721,13.95797257176123
shortest_path,12x12,Gaussian,MC,none,False,1024,24,542.6763384715443,28.912457154675163,530.4676785444823,554.8849983986064
shortest_path,12x12,Gaussian,MC,f(x),False,1024,24,278.40549809078425,12.991088761388932,272.91984241227925,283.89115376928925
shortest_path,12x12,Gaussian,MC,LOO,False,1024,24,193.84865534530877,6.23037885669368,191.21779708683553,196.479513603782
shortest_path,12x12,Gaussian,MC,none,True,1024,24,232.65293327585405,8.574308418216066,229.0323203674552,236.2735461842529
shortest_path,12x12,Gaussian,MC,f(x),True,1024,24,232.65293327585405,8.574308418216065,229.0323203674552,236.2735461842529
shortest_path,12x12,Gaussian,MC,LOO,True,1024,24,232.87911872562736,8.581422861000492,229.25550165151333,236.5027357997414
shortest_path,12x12,Gaussian,QMC-latin,none,False,1024,24,192.23312837473895,7.7026577161271605,188.98058127755974,195.48567547191817
shortest_path,12x12,Gaussian,QMC-latin,f(x),False,1024,24,192.23312837473895,7.70265771612716,188.98058127755974,195.48567547191817
shortest_path,12x12,Gaussian,QMC-latin,LOO,False,1024,24,192.41882525198,7.7173676260014705,189.16006670462025,195.67758379933974
shortest_path,12x12,Gaussian,QMC-latin,none,True,1024,24,231.34920102369335,12.38092413896615,226.12119526870862,236.5772067786781
shortest_path,12x12,Gaussian,QMC-latin,f(x),True,1024,24,231.34920102369335,12.380924138966153,226.12119526870862,236.5772067786781
shortest_path,12x12,Gaussian,QMC-latin,LOO,True,1024,24,231.57965803432361,12.391480757028075,226.3471946104798,236.81212145816744
shortest_path,12x12,Gaussian,RQMC-latin,none,False,1024,24,191.69907657083635,5.220867318256032,189.49449764930412,193.90365549236859
shortest_path,12x12,Gaussian,RQMC-latin,f(x),False,1024,24,191.65386639183248,5.241645185400373,189.44051374648225,193.8672190371827
shortest_path,12x12,Gaussian,RQMC-latin,LOO,False,1024,24,191.80565020026748,5.2338406864287,189.5955931058051,194.01570729472985
shortest_path,12x12,Gaussian,RQMC-latin,none,True,1024,24,230.0619379492443,11.233047934467463,225.3186378055509,234.8052380929377
shortest_path,12x12,Gaussian,RQMC-latin,f(x),True,1024,24,230.06193794924442,11.23304793446754,225.31863780555096,234.80523809293788
shortest_path,12x12,Gaussian,RQMC-latin,LOO,True,1024,24,230.28635300286984,11.244947054168875,225.53802830159253,235.03467770414716
shortest_path,12x12,Logistic,MC,none,False,1024,24,304.65144200406536,14.781917832746643,298.4095855293867,310.89329847874404
shortest_path,12x12,Logistic,MC,f(x),False,1024,24,156.5202209640104,6.20394097712164,153.90052644299334,159.13991548502747
shortest_path,12x12,Logistic,MC,LOO,False,1024,24,111.56464542662185,4.2871643413308025,109.75433469395998,113.37495615928373
shortest_path,12x12,Logistic,MC,none,True,1024,24,135.11758519943282,6.1588152255399065,132.51694561214438,137.71822478672127
shortest_path,12x12,Logistic,MC,f(x),True,1024,24,135.11758519943282,6.1588152255399065,132.51694561214438,137.71822478672127
shortest_path,12x12,Logistic,MC,LOO,True,1024,24,135.25312757902887,6.167972438358793,132.64862123989062,137.85763391816712
shortest_path,12x12,Logistic,QMC-latin,none,False,1024,24,112.27344477608177,4.268035792811319,110.47121132106267,114.07567823110088
shortest_path,12x12,Logistic,QMC-latin,f(x),False,1024,24,112.27344477608177,4.268035792811319,110.47121132106267,114.07567823110088
shortest_path,12x12,Logistic,QMC-latin,LOO,False,1024,24,112.38552595317422,4.274445712195001,110.5805858265811,114.19046607976735
shortest_path,12x12,Logistic,QMC-latin,none,True,1024,24,133.61170406485937,4.474978267543684,131.72208646656404,135.5013216631547
shortest_path,12x12,Logistic,QMC-latin,f(x),True,1024,24,133.61170406485937,4.474978267543684,131.72208646656404,135.5013216631547
shortest_path,12x12,Logistic,QMC-latin,LOO,True,1024,24,133.74410954757764,4.480947964346471,131.85197116740122,135.63624792775406
shortest_path,12x12,Logistic,RQMC-latin,none,False,1024,24,112.62931994557168,5.155653610345675,110.45227835779842,114.80636153334494
shortest_path,12x12,Logistic,RQMC-latin,f(x),False,1024,24,112.6283413914162,5.1551187878730635,110.45152563936678,114.80515714346562
shortest_path,12x12,Logistic,RQMC-latin,LOO,False,1024,24,112.74129191452353,5.158446222952409,110.56307110986666,114.9195127191804
shortest_path,12x12,Logistic,RQMC-latin,none,True,1024,24,134.44526585692344,6.005009999079299,131.90957252082413,136.98095919302276
shortest_path,12x12,Logistic,RQMC-latin,f(x),True,1024,24,134.44526585692344,6.005009999079296,131.90957252082413,136.98095919302276
shortest_path,12x12,Logistic,RQMC-latin,LOO,True,1024,24,134.57623424279254,6.008113209240141,132.03923053596503,137.11323794962004
shortest_path,12x12,Gumbel,MC,none,False,1024,24,537.0824067224347,23.38007461008242,527.209867060489,546.9549463843804
shortest_path,12x12,Gumbel,MC,f(x),False,1024,24,276.2058537559957,11.944318684245188,271.1622103155134,281.249497196478
shortest_path,12x12,Gumbel,MC,LOO,False,1024,24,192.33161769912059,10.280475598728795,187.99055357572612,196.67268182251505
shortest_path,12x12,Gumbel,QMC-latin,none,False,1024,24,191.11208764837053,10.89055798490032,186.51340832677926,195.7107669699618
shortest_path,12x12,Gumbel,QMC-latin,f(x),False,1024,24,191.07498573288808,10.848854567041643,186.49391622023518,195.65605524554098
shortest_path,12x12,Gumbel,QMC-latin,LOO,False,1024,24,191.23085955581783,10.905467856557847,186.62588434759024,195.83583476404542
shortest_path,12x12,Gumbel,RQMC-latin,none,False,1024,24,192.9169610363231,9.87866105418656,188.74556831449163,197.08835375815457
shortest_path,12x12,Gumbel,RQMC-latin,f(x),False,1024,24,192.34592981987794,9.975164421795238,188.13378729976236,196.55807233999352
shortest_path,12x12,Gumbel,RQMC-latin,LOO,False,1024,24,192.38353023720575,9.944872085731328,188.18417904877887,196.58288142563262
shortest_path,12x12,Cauchy,MC,none,False,1024,24,385.03402141210796,21.289177599004674,376.044390124715,394.02365269950093
shortest_path,12x12,Cauchy,MC,f(x),False,1024,24,215.8860682344346,10.19419727416369,211.581436252316,220.19070021655318
shortest_path,12x12,Cauchy,MC,LOO,False,1024,24,157.26339237455318,5.298263389655925,155.02613195831586,159.5006527907905
shortest_path,12x12,Cauchy,MC,none,True,1024,24,182.06615386293925,7.4277058744318625,178.9297087460801,185.20259897979838
shortest_path,12x12,Cauchy,MC,f(x),True,1024,24,182.06615386293925,7.427705874431862,178.9297087460801,185.20259897979838
shortest_path,12x12,Cauchy,MC,LOO,True,1024,24,182.2450935262077,7.436419215261487,179.1049690882017,185.38521796421372
shortest_path,12x12,Cauchy,QMC-latin,none,False,1024,24,156.2342896791322,5.850113628785794,153.76400334385377,158.7045760144106
shortest_path,12x12,Cauchy,QMC-latin,f(x),False,1024,24,156.2342896791322,5.850113628785791,153.76400334385377,158.7045760144106
shortest_path,12x12,Cauchy,QMC-latin,LOO,False,1024,24,156.38620983950807,5.854907699355149,153.9138991457694,158.85852053324675
shortest_path,12x12,Cauchy,QMC-latin,none,True,1024,24,179.67508750211823,6.38835377643327,176.97752228540247,182.372652718834
shortest_path,12x12,Cauchy,QMC-latin,f(x),True,1024,24,179.67508750211823,6.388353776433271,176.97752228540247,182.372652718834
shortest_path,12x12,Cauchy,QMC-latin,LOO,True,1024,24,179.84839580824845,6.397344770256756,177.14703402780896,182.54975758868795
shortest_path,12x12,Cauchy,RQMC-latin,none,False,1024,24,155.8232741830886,4.799026747625536,153.7968229123027,157.84972545387453
shortest_path,12x12,Cauchy,RQMC-latin,f(x),False,1024,24,155.82463388519724,4.802628728623767,153.7966616312297,157.85260613916478
shortest_path,12x12,Cauchy,RQMC-latin,LOO,False,1024,24,155.97477358505827,4.806311013806041,153.94524643842615,158.0043007316904
shortest_path,12x12,Cauchy,RQMC-latin,none,True,1024,24,183.24201435971335,7.5729722814143035,180.0442286189084,186.4398001005183
shortest_path,12x12,Cauchy,RQMC-latin,f(x),True,1024,24,183.24201435971335,7.572972281414303,180.0442286189084,186.4398001005183
shortest_path,12x12,Cauchy,RQMC-latin,LOO,True,1024,24,183.42398936078607,7.580787619016941,180.22290349234078,186.62507522923136
shortest_path,12x12,Laplace,MC,none,False,1024,24,543.7940104320513,25.66872226307109,532.9550596228715,554.6329612412311
shortest_path,12x12,Laplace,MC,f(x),False,1024,24,271.2017852937427,12.944678339289867,265.73572701775,276.66784356973545
shortest_path,12x12,Laplace,MC,LOO,False,1024,24,190.1289100016402,7.786512080476659,186.84095431181643,193.41686569146398
shortest_path,12x12,Laplace,MC,none,True,1024,24,232.08597401105013,10.699237836712038,227.56808210278487,236.60386591931538
shortest_path,12x12,Laplace,MC,f(x),True,1024,24,232.08597401105013,10.699237836712038,227.56808210278487,236.60386591931538
shortest_path,12x12,Laplace,MC,LOO,True,1024,24,232.31561299087934,10.70540699378684,227.79511607604687,236.83610990571182
shortest_path,12x12,Laplace,QMC-latin,none,False,1024,24,193.39224712518822,10.68459554283414,188.88053811537227,197.90395613500417
shortest_path,12x12,Laplace,QMC-latin,f(x),False,1024,24,193.39224712518822,10.68459554283414,188.88053811537227,197.90395613500417
shortest_path,12x12,Laplace,QMC-latin,LOO,False,1024,24,193.5851897253574,10.69540837670633,189.06891485623427,198.10146459448052
shortest_path,12x12,Laplace,QMC-latin,none,True,1024,24,230.1097352265107,9.74235656209188,225.99589884385898,234.22357160916243
shortest_path,12x12,Laplace,QMC-latin,f(x),True,1024,24,230.1097352265107,9.74235656209188,225.99589884385898,234.22357160916243
shortest_path,12x12,Laplace,QMC-latin,LOO,True,1024,24,230.32943507786976,9.751240339227778,226.21184740513087,234.44702275060865
shortest_path,12x12,Laplace,RQMC-latin,none,False,1024,24,193.69365702522623,8.703382084225316,190.01854108772073,197.36877296273173
shortest_path,12x12,Laplace,RQMC-latin,f(x),False,1024,24,193.69365702522623,8.703382084225316,190.01854108772073,197.36877296273173
shortest_path,12x12,Laplace,RQMC-latin,LOO,False,1024,24,193.88100702632778,8.714622778129652,190.20114456006866,197.5608694925869
shortest_path,12x12,Laplace,RQMC-latin,none,True,1024,24,231.96075854713922,12.320021217113588,226.7584698406047,237.16304725367374
shortest_path,12x12,Laplace,RQMC-latin,f(x),True,1024,24,231.96075854713922,12.320021217113588,226.7584698406047,237.16304725367374
shortest_path,12x12,Laplace,RQMC-latin,LOO,True,1024,24,232.18580506385183,12.333736172375108,226.97772503962312,237.39388508808054
shortest_path,12x12,Triangular,MC,none,False,1024,24,2511.3932408719443,1336.7640101983498,1946.9273044093825,3075.859177334506
shortest_path,12x12,Triangular,MC,f(x),False,1024,24,1324.5619542023007,934.5052449832058,929.954997241849,1719.1689111627525
shortest_path,12x12,Triangular,MC,LOO,False,1024,24,916.4174586137465,500.6100321759905,705.0283813652914,1127.8065358622016
shortest_path,12x12,Triangular,MC,none,True,1024,24,1082.6753760980257,880.2797778908671,710.9658257320672,1454.3849264639844
shortest_path,12x12,Triangular,MC,f(x),True,1024,24,1082.6753760980257,880.2797778908669,710.9658257320673,1454.3849264639841
shortest_path,12x12,Triangular,MC,LOO,True,1024,24,1083.742660012339,881.1390338293741,711.6702776848001,1455.815042339878
shortest_path,12x12,Triangular,QMC-latin,none,False,1024,24,545.9216567960672,22.05847345215451,536.6071803596037,555.2361332325306
shortest_path,12x12,Triangular,QMC-latin,f(x),False,1024,24,545.9216567960672,22.058473452154516,536.6071803596037,555.2361332325306
shortest_path,12x12,Triangular,QMC-latin,LOO,False,1024,24,546.4267783149379,22.087972476727064,537.0998455328495,555.7537110970263
shortest_path,12x12,Triangular,QMC-latin,none,True,1024,24,642.3801862886202,31.24162941144478,629.188003174915,655.5723694023253
shortest_path,12x12,Triangular,QMC-latin,f(x),True,1024,24,642.3801862886202,31.24162941144479,629.188003174915,655.5723694023253
shortest_path,12x12,Triangular,QMC-latin,LOO,True,1024,24,642.9711039474387,31.278676282530654,629.7632773120491,656.1789305828282
shortest_path,12x12,Triangular,RQMC-latin,none,False,1024,24,1398.4501733410718,502.15212480906223,1186.4099274827513,1610.4904191993924
shortest_path,12x12,Triangular,RQMC-latin,f(x),False,1024,24,929.0962105964148,312.1701416531853,797.2783205278681,1060.9141006649616
shortest_path,12x12,Triangular,RQMC-latin,LOO,False,1024,24,761.6845902869733,135.06839120118235,704.6502107373965,818.7189698365501
shortest_path,12x12,Triangular,RQMC-latin,none,True,1024,24,917.2654798656839,216.00621040840613,826.0540566752748,1008.4769030560931
shortest_path,12x12,Triangular,RQMC-latin,f(x),True,1024,24,917.2654798663508,216.00621040970103,826.0540566753948,1008.4769030573068
shortest_path,12x12,Triangular,RQMC-latin,LOO,True,1024,24,918.161365389833,216.21868670722446,826.8602213271729,1009.4625094524931
